"","FIBA_K227","FIBA_K238","FIBA_K249","FIBA_K432","FIBA_K437","FIBA_K440","FIBA_K446","FIBA_K448","FIBA_K463","FIBA_K467","FIBA_K476","FIBA_K48","FIBA_K480","FIBA_K527","FIBA_K558","FIBA_K575","FIBA_K581","FIBA_K599","FIBA_K602","FIBA_K620","FIBGA_K21","Total","Count"
"A2AP_Q41",0,0,0,0,0,0,0,0,0,0,0,0,0,0,0,0,0,0,0,0,0,0,0
"A2AP_Q43",0,0,0,0,0,0,0,0,0,0,0,0,0,0,0,0,0,0,0,0,0,0,0
"A2AP_Q60",0,0,0,0,0,0,0,0,0,0,0,0,0,0,0,0,0,0,0,0,0,0,0
"A2AP_Q447",0,0,0,0,0,0,0,0,0,0,0,0,0,0,0,0,0,0,0,0,0,0,0
"A2AP_Q458",0,0,0,0,0,0,0,0,0,0,0,0,0,0,0,0,0,0,0,0,0,0,0
"FINC_Q32",0,0,0,0,0,0,0,0,0,0,0,0,0,0,0,0,0,0,0,0,0,0,0
"FINC_Q1996",0,0,0,0,0,0,0,0,0,0,0,0,0,0,0,0,0,0,0,0,0,0,0
"FINC_QQ2348",0,0,0,0,0,0,0,0,0,0,0,0,0,0,0,0,0,0,0,0,0,0,0
"A2MG_Q693",0,0,0,0,0,0,0,0,0,0,0,0,0,0,0,0,0,0,0,0,0,0,0
"A2MG_Q694",0,0,0,0,0,0,0,0,0,0,0,0,0,0,0,0,0,0,0,0,0,0,0
"FIBA_Q240",0,0,0,13,13,0,0,3,0,21,8,0,7,2,28,0,21,20,7,8,0,151,12
"FIBA_Q256",0,40,0,11,65,20,4,30,31,54,3,0,7,12,20,46,17,40,12,46,0,458,17
"FIBA_Q347",0,0,0,0,0,0,0,0,3,0,0,0,0,0,0,0,0,0,0,1,0,4,2
"FIBA_Q385",0,0,0,19,26,2,0,2,15,21,0,0,0,0,4,10,14,2,0,14,0,129,11
"FIBA_Q582",0,0,0,10,11,2,0,5,12,12,0,0,2,20,54,7,0,10,0,22,0,167,12
"FIBG_Q424",0,0,0,7,5,3,0,0,1,5,0,0,0,0,4,18,1,8,0,15,31,98,11
"FIBG_Q425",0,0,0,2,4,1,0,0,0,2,0,0,0,0,2,3,0,9,0,3,8,34,9
"Total",0,40,0,62,124,28,4,40,62,115,11,0,16,34,112,84,53,89,19,109,39,0,NA
"Count",0,1,0,6,6,5,1,4,5,6,2,0,3,3,6,5,4,6,2,7,2,NA,0
